1;AIWAYS;U5;24262;4
2;ALEKO;2141;12498;17
3;ALFA ROMEO;1300;25403;7
4;ALFA ROMEO;1600;22408;1
5;ALFA ROMEO;164;17167;8
6;ALFA ROMEO;1750;10621;7
7;ALFA ROMEO;2000;37370;1
8;ALFA ROMEO;4C;15608;11
9;ALFA ROMEO;ALFA 145;24055;15
10;ALFA ROMEO;ALFA 146;24818;15
11;ALFA ROMEO;ALFA 147;30924;8
12;ALFA ROMEO;ALFA 155;35756;15
13;ALFA ROMEO;ALFA 156;32428;19
14;ALFA ROMEO;ALFA 159;20604;8
15;ALFA ROMEO;ALFA 159 SW;39776;20
16;ALFA ROMEO;ALFA 166;28762;13
17;ALFA ROMEO;ALFA 33;28368;9
18;ALFA ROMEO;ALFA 6;37459;1
19;ALFA ROMEO;ALFA 75;21739;10
20;ALFA ROMEO;ALFA 90;30923;7
21;ALFA ROMEO;ALFA GT;39824;11
22;ALFA ROMEO;ALFA GTV;31210;15
23;ALFA ROMEO;ALFA-SUD;22857;4
24;ALFA ROMEO;ALFETTA;20079;15
25;ALFA ROMEO;BRERA;17214;15
26;ALFA ROMEO;CROSSWAGON;12413;4
27;ALFA ROMEO;GIULIA;31295;0
28;ALFA ROMEO;GIULIETTA;31360;18
29;ALFA ROMEO;MITO;15920;7
30;ALFA ROMEO;RZ;38221;5
31;ALFA ROMEO;SPIDER;8330;19
32;ALFA ROMEO;SPORTWAGON;26542;9
33;ALFA ROMEO;SPRINT;17873;11
34;ALFA ROMEO;STELVIO;10785;18
35;ALFA ROMEO;SZ;26643;15
36;ALPINE RENAULT;A110;22447;1
37;ALPINE RENAULT;A110 II;75042;20
38;ALPINE RENAULT;A310;32011;16
39;ALPINE RENAULT;A610;39255;9
40;ALPINE RENAULT;LE MANS;46599;15
41;ALPINE RENAULT;V6;63418;9
42;ARO;4X4;77811;1
43;ARO;SPARTANA;69839;3
44;ASIA;ROCSTA;69962;1
45;ASTON MARTIN;CYGNET;49749;10
46;AUDI;100;46738;8
47;AUDI;200;28156;11
48;AUDI;50;77787;3
49;AUDI;60;25705;1
50;AUDI;70;26792;20
51;AUDI;75;63943;5
52;AUDI;80;70923;7
53;AUDI;90;25143;1
54;AUDI;A1;41644;4
55;AUDI;A1 II;48161;8
56;AUDI;A2;46886;6
57;AUDI;A3;51328;9
58;AUDI;A3 *;35463;0
59;AUDI;A3 IV;50582;16
60;AUDI;A3 SPORTBACK;18715;13
61;AUDI;A4;46075;8
62;AUDI;A4 III - IV;39425;15
63;AUDI;A4 V;35880;3
64;AUDI;A5;26125;19
65;AUDI;A5 SPORTBACK;48352;2
66;AUDI;A6;24705;8
67;AUDI;A6 III;64600;5
68;AUDI;A6 IV;56517;9
69;AUDI;A6 V;73563;9
70;AUDI;A7;78334;0
71;AUDI;A8;48107;20
72;AUDI;ALLROAD;22857;0
73;AUDI;CABRIOLET;63345;7
74;AUDI;COUPE;77004;4
75;AUDI;E-TRON;49659;13
76;AUDI;E-TRON GT;37281;15
77;AUDI;GT;50086;19
78;AUDI;Q2;37757;6
79;AUDI;Q3;67320;1
80;AUDI;Q3 II;73463;14
81;AUDI;Q4 E-TRON;70494;16
82;AUDI;Q5;53213;0
83;AUDI;Q7;49097;15
84;AUDI;Q8;49925;18
85;AUDI;QUATTRO;39510;2
86;AUDI;R8;42244;18
87;AUDI;RO 80;67774;17
88;AUDI;RS3;24295;12
89;AUDI;RS4;33468;7
90;AUDI;RS5;68071;10
91;AUDI;RS6;77900;20
92;AUDI;RS7;23269;10
93;AUDI;S1;26084;3
94;AUDI;S3;19499;16
95;AUDI;S3 IV;43113;7
96;AUDI;S3 SPORTBACK;66973;14
97;AUDI;S4;14792;2
98;AUDI;S5;20529;4
99;AUDI;S6;49652;11
100;AUDI;S6 V;32692;9
101;AUDI;S7;17255;20
102;AUDI;S7 II;61882;16
103;AUDI;S8;45606;13
104;AUDI;TT;76934;10
105;AUDI;V8;78681;14
106;AUSTIN;850;18792;16
107;AUSTIN;ALLEGRO;69242;4
108;AUSTIN;JEEP;46528;7
109;AUSTIN;MAESTRO;30819;5
110;AUSTIN;METRO;54203;13
111;AUSTIN;MINI;78108;14
112;AUSTIN;MONTEGO;45885;10
113;AUSTIN;MORRISITAL;31819;5
114;AUSTIN;PRINCESS;35468;16
115;AUSTIN;SHERPA;42811;18
116;AUTOBIANCHI;500;35612;18
117;AUTOBIANCHI;A111;76474;2
118;AUTOBIANCHI;A112;24875;6
119;AUTOBIANCHI;PRIMULA;35505;4
120;AUTOBIANCHI;Y10;59763;5
121;AUVERLAND;A3;15362;0
122;BEDFORD;CF;42430;15
123;BEDFORD;MIDI;62938;7
124;BEE BEE AUTOMOTIVE;BEE BEE XS;37862;13
125;BENTLEY;ARNAGE;16245;12
126;BENTLEY;AZURE T;62590;5
127;BENTLEY;BROOKLANDS;45546;16
128;BENTLEY;CONTINENTAL FLYING SPUR;74072;14
129;BENTLEY;CONTINENTAL GT;41332;12
130;BENTLEY;MULSANNE;27412;15
131;BERTONE;4X4;78558;13
132;BMW;1502;24963;3
133;BMW;1600;28558;6
134;BMW;1602;34668;13
135;BMW;1800;65325;8
136;BMW;1802;69998;18
137;BMW;2000;70480;13
138;BMW;2002;19755;3
139;BMW;2500;68922;1
140;BMW;3;44973;5
141;BMW;3,3;52362;7
142;BMW;315;25362;9
143;BMW;316;61466;4
144;BMW;318;65088;10
145;BMW;320;71801;6
146;BMW;323;21200;6
147;BMW;324;63676;6
148;BMW;325;61749;1
149;BMW;328;79256;0
150;BMW;330;68488;19
151;BMW;518;75634;14
152;BMW;520;23788;15
153;BMW;523;34518;1
154;BMW;524;60844;3
155;BMW;525;63993;13
156;BMW;528;16530;1
157;BMW;530;58178;15
158;BMW;535;41235;7
159;BMW;540;52688;2
160;BMW;545;57918;12
161;BMW;550;57895;11
162;BMW;628;71310;8
163;BMW;630;54018;6
164;BMW;633;25041;17
165;BMW;635;25190;5
166;BMW;645;26341;14
167;BMW;650;75337;19
168;BMW;725;21620;7
169;BMW;728;58492;16
170;BMW;730;39978;18
171;BMW;732;26350;16
172;BMW;733;23073;11
173;BMW;735;24455;8
174;BMW;740;18893;20
175;BMW;745;35544;15
176;BMW;750;78771;20
177;BMW;760;21594;10
178;BMW;840;29692;11
179;BMW;850;56677;10
180;BMW;I3;58251;5
181;BMW;I8;50029;10
182;BMW;IX;43633;16
183;BMW;L7;33256;0
184;BMW;M2;69457;14
185;BMW;M3;67605;16
186;BMW;M4;56183;3
187;BMW;M5;23046;7
188;BMW;M535;44738;1
189;BMW;M6;68173;14
190;BMW;M635;61641;10
191;BMW;M8;15335;0
192;BMW;SERIE 1;28807;5
193;BMW;SERIE 1 II;32791;3
194;BMW;SERIE 1 III;45635;18
195;BMW;SERIE 2;69330;0
196;BMW;SERIE 2 II;76770;7
197;BMW;SERIE 3;73484;2
198;BMW;SERIE 3 (SUITE);28264;6
199;BMW;SERIE 3 VI;46092;4
200;BMW;SERIE 3 VII;37346;1
201;BMW;SERIE 4;31068;14
202;BMW;SERIE 4 II;43806;9
203;BMW;SERIE 5;64250;3
204;BMW;SERIE 6;72994;20
205;BMW;SERIE 7;16029;4
206;BMW;SERIE 8;23107;8
207;BMW;X1;25191;14
208;BMW;X2;15490;5
209;BMW;X3;48981;1
210;BMW;X4;77712;0
211;BMW;X4 II;46452;15
212;BMW;X5;27392;18
213;BMW;X5 IV;14563;11
214;BMW;X6;27813;20
215;BMW;X6 III;56777;7
216;BMW;X7;69317;14
217;BMW;Z1;63465;20
218;BMW;Z3;69782;17
219;BMW;Z4;30348;9
220;BMW;Z8;62010;18
221;BUICK;PARKAVENUE;59816;6
222;CADILLAC;CTS;56480;2
223;CADILLAC;ELDORADO;25908;20
224;CADILLAC;ESCALADE;45776;19
225;CADILLAC;SEVILLE;27649;1
226;CHEVROLET;ALERO;79457;3
227;CHEVROLET;AVEO;79351;13
228;CHEVROLET;BERETTA;16752;20
229;CHEVROLET;BLAZER;64083;15
230;CHEVROLET;CAMARO;29494;20
231;CHEVROLET;CAPTIVA;58865;11
232;CHEVROLET;CORSICA;73810;14
233;CHEVROLET;CORVETTE;19333;12
234;CHEVROLET;CRUZE;76423;11
235;CHEVROLET;EPICA;18822;16
236;CHEVROLET;EVANDA;58230;10
237;CHEVROLET;KALOS;17967;5
238;CHEVROLET;LACETTI;74985;13
239;CHEVROLET;MALIBU;26813;0
240;CHEVROLET;MATIZ;61806;18
241;CHEVROLET;NUBIRA;70442;20
242;CHEVROLET;ORLANDO;27278;10
243;CHEVROLET;REZZO;66561;16
244;CHEVROLET;SPARK;43558;0
245;CHEVROLET;TRANS SPORT;48124;2
246;CHEVROLET;TRAX;22014;10
247;CHEVROLET;VOLT;22362;18
248;CHRYSLER;300C;49048;7
249;CHRYSLER;300M;76750;8
250;CHRYSLER;CROSSFIRE;33068;3
251;CHRYSLER;ES;20783;15
252;CHRYSLER;GRAND VOYAGER;35771;0
253;CHRYSLER;LE BARON;18871;13
254;CHRYSLER;NEON;17190;13
255;CHRYSLER;NEW YORKER;37312;20
256;CHRYSLER;PT CRUISER;45289;0
257;CHRYSLER;SARATOGA;23207;9
258;CHRYSLER;SEBRING;77466;10
259;CHRYSLER;STRATUS;15110;3
260;CHRYSLER;VIPER;66112;9
261;CHRYSLER;VISION;66902;17
262;CHRYSLER;VOYAGER;45565;5
263;CITROEN;2 CV;24557;20
264;CITROEN;ACADIANE;18092;3
265;CITROEN;AK;22793;4
266;CITROEN;AMI;19086;18
267;CITROEN;AX;36149;16
268;CITROEN;AXEL;27100;20
269;CITROEN;AZU;31413;8
270;CITROEN;BERLINGO;21195;15
271;CITROEN;BERLINGO II;30291;3
272;CITROEN;BERLINGO III;18371;12
273;CITROEN;BX;16998;16
274;CITROEN;C-CROSSER;35962;14
275;CITROEN;C-ELYSEE;30971;11
276;CITROEN;C-ZERO;20453;1
277;CITROEN;C1;27763;6
278;CITROEN;C15;28167;19
279;CITROEN;C2;12321;0
280;CITROEN;C25;21783;18
281;CITROEN;C25 COMBI;39684;8
282;CITROEN;C3;39340;3
283;CITROEN;C3 AIRCROSS;23540;20
284;CITROEN;C3 II;35381;20
285;CITROEN;C3 III;12968;4
286;CITROEN;C3 PICASSO;39313;20
287;CITROEN;C3 PLURIEL;19969;18
288;CITROEN;C35;30019;4
289;CITROEN;C4;33252;15
290;CITROEN;C4 AIRCROSS;33524;2
291;CITROEN;C4 CACTUS;37366;20
292;CITROEN;C4 II;39019;0
293;CITROEN;C4 III;30727;9
294;CITROEN;C4 PICASSO;34229;17
295;CITROEN;C4 PICASSO II;9149;10
296;CITROEN;C4 SPACETOURER;8245;15
297;CITROEN;C5;19167;0
298;CITROEN;C5 AIRCROSS;17218;16
299;CITROEN;C5 II;11881;2
300;CITROEN;C5 II TOURER;17689;8
301;CITROEN;C5 X;9859;2
302;CITROEN;C6;16551;3
303;CITROEN;C8;11077;6
304;CITROEN;CX;26569;16
305;CITROEN;CX SERIE2;19874;9
306;CITROEN;D;33505;14
307;CITROEN;DANGEL C15;31604;11
308;CITROEN;DANGEL C25;32966;13
309;CITROEN;DS;14193;2
310;CITROEN;DS3;20620;18
311;CITROEN;DS4;21775;6
312;CITROEN;DS5;10615;8
313;CITROEN;DYANE;18373;12
314;CITROEN;EVASION;33623;3
315;CITROEN;GS;35425;17
316;CITROEN;GSA;35090;13
317;CITROEN;HY;13369;9
318;CITROEN;ID;10597;18
319;CITROEN;JUMPER;35477;13
320;CITROEN;JUMPY;15420;5
321;CITROEN;KATAR;37067;14
322;CITROEN;LN;32778;13
323;CITROEN;LNA;35758;15
324;CITROEN;MEHARI;12736;0
325;CITROEN;NEMO;25075;0
326;CITROEN;SAXO;13857;16
327;CITROEN;SM;33476;8
328;CITROEN;SPACETOURER;12349;1
329;CITROEN;TANGARA;11469;1
330;CITROEN;TRACTION;34798;5
331;CITROEN;VISA;19115;6
332;CITROEN;XANTIA;33139;3
333;CITROEN;XM;24525;13
334;CITROEN;XSARA;22583;18
335;CITROEN;XSARA PICASSO;16024;9
336;CITROEN;ZX;32304;14
337;COURB;C-ZEN;35767;9
338;CUPRA;ATECA;18210;8
339;CUPRA;FORMENTOR;16655;14
340;CUPRA;LEON;9840;15
341;DACIA;DOKKER;30374;13
342;DACIA;DUSTER;11340;13
343;DACIA;LODGY;33887;1
344;DACIA;LOGAN;16148;1
345;DACIA;SANDERO;9756;14
346;DACIA;SANDERO III;26856;3
347;DACIA;SPRING;10807;20
348;DAEWOO;ESPERO;39057;16
349;DAEWOO;EVANDA;9497;4
350;DAEWOO;KALOS;38542;14
351;DAEWOO;KORANDO;19628;14
352;DAEWOO;LACETTI;21984;2
353;DAEWOO;LANOS;17168;1
354;DAEWOO;LEGANZA;14593;16
355;DAEWOO;MATIZ;19342;1
356;DAEWOO;MUSSO;14213;1
357;DAEWOO;NEXIA;33328;13
358;DAEWOO;NUBIRA;17005;15
359;DAEWOO;REXTON;26465;17
360;DAEWOO;REZZO;22779;4
361;DAF;33;32916;14
362;DAF;400;24485;19
363;DAF;44;30200;1
364;DAF;46;13900;12
365;DAF;55;31313;17
366;DAF;66;16194;6
367;DAF;VA400;29981;12
368;DAF;VH400;28480;15
369;DAIHATSU;APPLAUSE;36466;5
370;DAIHATSU;CHARADE;11016;17
371;DAIHATSU;COPEN;33388;10
372;DAIHATSU;CUORE;26787;20
373;DAIHATSU;DOMINO;25267;17
374;DAIHATSU;FEROZA;29520;8
375;DAIHATSU;GRAN MOVE;30102;18
376;DAIHATSU;HIJET;10165;18
377;DAIHATSU;MATERIA;25678;11
378;DAIHATSU;MOVE;10280;0
379;DAIHATSU;ROCKY;32008;5
380;DAIHATSU;SIRION;35950;16
381;DAIHATSU;TERIOS;13193;4
382;DAIHATSU;TREVIS;27933;3
383;DAIHATSU;YRV;36905;0
384;DAIMLER;DAIMLER;16865;16
385;DATSUN;100;29268;19
386;DATSUN;120;10085;10
387;DATSUN;1600;31389;15
388;DATSUN;180;39976;6
389;DATSUN;200;27163;18
390;DATSUN;220;16802;14
391;DATSUN;260;11848;7
392;DATSUN;280;12136;6
393;DATSUN;BLUEBIRD;10293;2
394;DATSUN;CEDRIC;27119;20
395;DATSUN;CHERRY;34264;4
396;DATSUN;KING-CAB;12574;7
397;DATSUN;LAUREL;23619;20
398;DATSUN;PATROL;39496;6
399;DATSUN;PICK-UP;10389;6
400;DATSUN;SILVIA;34830;4
401;DATSUN;STANZA;19140;14
402;DATSUN;SUNNY;29249;1
403;DATSUN;VIOLET;18170;9
404;DFSK;SERES 3;16740;19
405;DODGE;AVENGER;28407;4
406;DODGE;CALIBER;35845;20
407;DODGE;JOURNEY;19060;19
408;DODGE;NITRO;30081;11
409;DS;DS3;10979;3
410;DS;DS3 CROSSBACK;21053;4
411;DS;DS4;20436;4
412;DS;DS4 II;33678;20
413;DS;DS5;12086;5
414;DS;DS7 CROSSBACK;16581;6
415;DS;DS9;21765;5
416;EBRO;F275;18511;19
417;EBRO;F350;19984;13
418;EBRO;JX20;11116;5
419;EBRO;JX28;9871;11
420;EBRO;PATROL;14726;4
421;EBRO;TRADE;26139;1
422;EBRO;VANETTE;9839;7
423;FIAT;124;30783;18
424;FIAT;124 SPIDER;10645;12
425;FIAT;126;28249;12
426;FIAT;127;13995;19
427;FIAT;128;16622;2
428;FIAT;130;19412;11
429;FIAT;131;12081;10
430;FIAT;132;15420;1
431;FIAT;133;11819;7
432;FIAT;238;32059;10
433;FIAT;4X4 CROSS;37461;15
434;FIAT;500;9764;16
435;FIAT;500 III;25717;13
436;FIAT;500L;10592;20
437;FIAT;500X;15629;10
438;FIAT;600;33575;13
439;FIAT;850;10735;19
440;FIAT;900;20088;3
441;FIAT;ARGENTA;39873;5
442;FIAT;BARCHETTA;25394;15
443;FIAT;BRAVA;24330;17
444;FIAT;BRAVO;16383;3
445;FIAT;BRAVO II;33166;11
446;FIAT;CINQUECENTO;27313;0
447;FIAT;COUPE;39062;18
448;FIAT;CROMA;19343;19
449;FIAT;DOBLO;35280;3
450;FIAT;DUCATO;18601;9
451;FIAT;FIORINO;38567;8
452;FIAT;FIORINO QUBO;24480;13
453;FIAT;FREEMONT;16679;20
454;FIAT;FULLBACK;31591;1
455;FIAT;GRANDE PUNTO;17853;15
456;FIAT;IDEA;15909;11
457;FIAT;MAREA;27275;5
458;FIAT;MULTIPLA;39452;10
459;FIAT;PALIO;16616;0
460;FIAT;PANDA;24654;4
461;FIAT;PININFARINA;16382;5
462;FIAT;PUNTO;39349;8
463;FIAT;PUNTO EVO;8137;15
464;FIAT;REGATA;39113;18
465;FIAT;RITMO;11303;7
466;FIAT;SCUDO;39522;13
467;FIAT;SEDICI;39820;16
468;FIAT;SEICENTO;15146;7
469;FIAT;STILO;9159;2
470;FIAT;STRADA;8524;13
471;FIAT;TALENTO;23277;20
472;FIAT;TEMPRA;21086;4
473;FIAT;TIPO;18991;10
474;FIAT;ULYSSE;22583;2
475;FIAT;UNO;38210;1
476;FIAT;X1\/9;21309;4
477;FISKER;KARMA;35679;18
478;FORD;A0406;17883;19
479;FORD;A0407;18715;5
480;FORD;A0408;37881;13
481;FORD;A0409;11097;4
482;FORD;A0410;35758;2
483;FORD;AEROSTAR;27317;3
484;FORD;ANGLIA;37206;12
485;FORD;B-MAX;31250;12
486;FORD;CAPRI;22695;17
487;FORD;CONSUL;25968;8
488;FORD;CORTINA;12131;0
489;FORD;COUGAR;35108;18
490;FORD;COURRIER;38629;10
491;FORD;ECOSPORT;25366;2
492;FORD;EDGE;25256;18
493;FORD;ESCORT;37469;6
494;FORD;EXPLORER;20444;1
495;FORD;FIESTA;38383;9
496;FORD;FOCUS;27142;0
497;FORD;FOCUS C-MAX;16129;20
498;FORD;FOCUS IV;23252;20
499;FORD;FUSION;31274;18
500;FORD;GALAXY;10571;10
501;FORD;GRANADA;13236;15
502;FORD;KA;20298;2
503;FORD;KA+;26952;16
504;FORD;KUGA;20628;8
505;FORD;KUGA III;37836;14
506;FORD;MAVERICK;39374;19
507;FORD;MONDEO;21655;17
508;FORD;MONDEO*;21436;19
509;FORD;MUSTANG;20940;7
510;FORD;MUSTANG MACH-E;9937;7
511;FORD;ORION;29082;3
512;FORD;P 100;18308;11
513;FORD;PROBE;15313;18
514;FORD;PUMA;28768;7
515;FORD;PUMA II;26514;2
516;FORD;RANGER;12113;13
517;FORD;S-MAX;11666;0
518;FORD;SCORPIO;21424;19
519;FORD;SIERRA;23187;4
520;FORD;TAUNUS;16205;9
521;FORD;TOURNEO;21992;2
522;FORD;TOURNEO CONNECT;36534;19
523;FORD;TOURNEO COURIER;35460;5
524;FORD;TOURNEO CUSTOM;24276;11
525;FORD;TRANSIT;16811;17
526;FORD;TRANSIT CONNECT;23091;8
527;FORD;TRANSIT COURIER;25819;15
528;FORD;TRANSIT CUSTOM;9702;9
529;FORD;TRANSIT VI;34026;15
530;FSO-POLSKI;125;10448;8
531;FSO-POLSKI;125P;23985;14
532;FSO-POLSKI;1500;19024;8
533;FSO-POLSKI;ATOU;37205;5
534;FSO-POLSKI;CARO;17040;17
535;FSO-POLSKI;LINDA;37010;17
536;FSO-POLSKI;POLONEZ;16328;2
537;FSO-POLSKI;TRUCK;15852;10
538;GAC GONOW;GA;37233;9
539;GAC GONOW;WAY;26990;15
540;GME;MIDI;23897;19
541;GME;RASCAL;30314;5
542;GRANDIN;DALLAS;25534;7
543;HONDA;ACCORD;39101;2
544;HONDA;ACTY;15120;3
545;HONDA;CIVIC;29015;3
546;HONDA;CONCERTO;8868;11
547;HONDA;CR-Z;30428;1
548;HONDA;CRV;14136;17
549;HONDA;CRV V;18857;18
550;HONDA;CRX;27483;5
551;HONDA;FR-V;18477;6
552;HONDA;HONDA E;33601;17
553;HONDA;HR-V;32317;2
554;HONDA;INSIGHT;11392;8
555;HONDA;INTEGRA;11831;12
556;HONDA;JAZZ;28544;14
557;HONDA;JAZZ IV;9476;4
558;HONDA;LEGEND;11341;19
559;HONDA;LOGO;32211;11
560;HONDA;N360;15104;9
561;HONDA;NSX;24237;10
562;HONDA;PRELUDE;28257;14
563;HONDA;QUINTET;12605;1
564;HONDA;S2000;15229;18
565;HONDA;SHUTTLE;16832;10
566;HONDA;STREAM;8690;16
567;HYUNDAI;ACCENT;36428;3
568;HYUNDAI;ATOS;37493;19
569;HYUNDAI;AZERA;31240;5
570;HYUNDAI;BAYON;23810;15
571;HYUNDAI;COUPE;36879;17
572;HYUNDAI;ELANTRA;13255;20
573;HYUNDAI;GALLOPER;26981;17
574;HYUNDAI;GENESIS;31451;12
575;HYUNDAI;GETZ;39996;6
576;HYUNDAI;H-1;16018;4
577;HYUNDAI;H100;21017;12
578;HYUNDAI;I10;12841;12
579;HYUNDAI;I10 III;20235;5
580;HYUNDAI;I20;32181;10
581;HYUNDAI;I20 III;38347;7
582;HYUNDAI;I30;27145;0
583;HYUNDAI;I40;27296;0
584;HYUNDAI;IONIQ;24144;11
585;HYUNDAI;IONIQ 5;31666;4
586;HYUNDAI;IX20;14398;9
587;HYUNDAI;IX35;15703;1
588;HYUNDAI;IX55;39488;4
589;HYUNDAI;KONA;19339;5
590;HYUNDAI;LANTRA;28457;5
591;HYUNDAI;MATRIX;20224;10
592;HYUNDAI;PONY;15045;13
593;HYUNDAI;SANTA FE;15402;9
594;HYUNDAI;SATELLITE;18086;0
595;HYUNDAI;SCOUPE;17982;3
596;HYUNDAI;SONATA;22772;20
597;HYUNDAI;TERRACAN;16210;0
598;HYUNDAI;TRAJET;28131;4
599;HYUNDAI;TUCSON;37415;10
600;HYUNDAI;TUCSON IV;35767;0
601;HYUNDAI;VELOSTER;8210;20
602;HYUNDAI;XG;17057;12
603;INFINITI;EX;19148;14
604;INFINITI;FX;38676;18
605;INFINITI;G;23878;3
606;INFINITI;M;34057;14
607;INFINITI;Q30;30849;16
608;INFINITI;Q50;35806;4
609;INFINITI;Q60;8868;18
610;INFINITI;Q70;8340;3
611;INFINITI;QX30;37219;16
612;INFINITI;QX50;8524;17
613;INFINITI;QX70;16342;12
614;INNOCENTI;1000;15161;13
615;INNOCENTI;1100;36499;18
616;INNOCENTI;2200;10216;7
617;INNOCENTI;500;10152;9
618;INNOCENTI;650;27092;17
619;INNOCENTI;90;26497;4
620;INNOCENTI;990;10757;5
621;INNOCENTI;DE TOMASO;21815;10
622;INNOCENTI;MINI;17389;11
623;INNOCENTI;MINIMATIC;31719;14
624;ISUZU;D-MAX;19490;7
625;ISUZU;SERIE N;9419;12
626;ISUZU;TROOPER;32963;2
627;IVECO;DAILY;31647;17
628;IVECO;MASSIF;29642;15
629;JAGUAR;420;56768;13
630;JAGUAR;E;22678;5
631;JAGUAR;E-PACE;52014;13
632;JAGUAR;F-PACE;42012;18
633;JAGUAR;F-TYPE;63286;10
634;JAGUAR;I-PACE;19806;2
635;JAGUAR;S-TYPE;41973;6
636;JAGUAR;SOVEREIGN;45141;8
637;JAGUAR;V12;69954;3
638;JAGUAR;X-TYPE;34018;3
639;JAGUAR;XE;26564;6
640;JAGUAR;XF;56978;9
641;JAGUAR;XJ;44842;18
642;JAGUAR;XJ6;19904;10
643;JAGUAR;XJ8;37383;3
644;JAGUAR;XJR;71029;5
645;JAGUAR;XJS;42867;7
646;JAGUAR;XJSC;63949;8
647;JAGUAR;XK;37172;7
648;JAGUAR;XK8;23369;16
649;JEEP;CHEROKEE;30614;17
650;JEEP;COMMANDER;38072;4
651;JEEP;COMPASS;74906;8
652;JEEP;GRAND CHEROKEE;61749;17
653;JEEP;PATRIOT;59939;15
654;JEEP;RENEGADE;61533;8
655;JEEP;WRANGLER;53456;15
656;JEEP;WRANGLER IV;71801;12
657;KIA;BESTA;9446;17
658;KIA;CARENS;33949;4
659;KIA;CARNIVAL;16108;10
660;KIA;CEED;24637;8
661;KIA;CEED III;8447;19
662;KIA;CERATO;28072;9
663;KIA;CLARUS;22688;4
664;KIA;E-SOUL;18639;9
665;KIA;MAGENTIS;9440;5
666;KIA;NIRO;29288;10
667;KIA;OPIRUS;27272;17
668;KIA;OPTIMA;26083;6
669;KIA;PICANTO;39797;8
670;KIA;PREGIO;16199;7
671;KIA;PRIDE;27190;18
672;KIA;RIO;27239;15
673;KIA;SEPHIA;8514;13
674;KIA;SHUMA;36425;5
675;KIA;SORENTO;9706;12
676;KIA;SORENTO IV;17703;6
677;KIA;SOUL;18705;10
678;KIA;SPORTAGE;39571;9
679;KIA;STINGER;15712;13
680;KIA;STONIC;38562;10
681;KIA;VENGA;26339;10
682;LADA;110;36184;19
683;LADA;111;7859;3
684;LADA;1118;9320;9
685;LADA;112;35518;16
686;LADA;1200;18812;13
687;LADA;1300;27458;13
688;LADA;1500;14337;20
689;LADA;1600;29645;19
690;LADA;GRANTA;7789;5
691;LADA;KALINA;26578;19
692;LADA;KALINKA;25173;3
693;LADA;NIVA;27075;1
694;LADA;PRIORA;39729;20
695;LADA;SAGONA;22351;13
696;LADA;SAMARA;13393;5
697;LANCIA;BETA;38069;4
698;LANCIA;DEDRA;18606;8
699;LANCIA;DELTA;18850;13
700;LANCIA;FLAMINIA;35201;18
701;LANCIA;FLAVIA;26778;4
702;LANCIA;FULVIA;39154;2
703;LANCIA;GAMMA;6677;9
704;LANCIA;KAPPA;37218;11
705;LANCIA;LYBRA;29855;3
706;LANCIA;MUSA;17352;20
707;LANCIA;PHEDRA;10596;4
708;LANCIA;PRISMA;18116;11
709;LANCIA;THEMA;9226;0
710;LANCIA;THESIS;23400;4
711;LANCIA;TREVI;23788;15
712;LANCIA;VOYAGER;36890;17
713;LANCIA;Y;19034;2
714;LANCIA;Y10;15970;2
715;LANCIA;YPSILON;14076;15
716;LANCIA;ZETA;22820;8
717;LAND ROVER;110;7465;9
718;LAND ROVER;88;29041;3
719;LAND ROVER;90;26337;4
720;LAND ROVER;DEFENDER;20406;14
721;LAND ROVER;DEFENDER II;14949;1
722;LAND ROVER;DISCOVERY;6460;20
723;LAND ROVER;DISCOVERY SPORT;17640;15
724;LAND ROVER;EVOQUE;34616;7
725;LAND ROVER;EVOQUE II;32378;8
726;LAND ROVER;FREELANDER;25916;5
727;LAND ROVER;RANGE 4X4;14639;15
728;LAND ROVER;RANGE ROVER SPORT;37749;13
729;LAND ROVER;VELAR;10257;16
730;LDV;CONVOY;39614;2
731;LEXUS;CT;47143;15
732;LEXUS;ES;27668;7
733;LEXUS;GS;28975;14
734;LEXUS;IS;43024;12
735;LEXUS;IS SPORTCROSS;37402;18
736;LEXUS;LC;61034;5
737;LEXUS;LFA;29067;13
738;LEXUS;LS;45208;18
739;LEXUS;LS II;36550;10
740;LEXUS;NX;78188;3
741;LEXUS;RC;68219;10
742;LEXUS;RX;64834;7
743;LEXUS;SC;73410;3
744;LEXUS;UX;27550;8
745;LOTUS;ELAN;12920;1
746;LOTUS;ELISE;44641;1
747;LOTUS;ESPRIT;22785;1
748;LOTUS;EUROPA;60801;19
749;LOTUS;EXIGE;17175;7
750;LOTUS;OMEGA;62711;8
751;LYNK&CO;1;78322;1
752;MAHINDRA;BOLERO;73836;13
753;MAHINDRA;CJ;48361;6
754;MAHINDRA;GOA;37381;0
755;MAN;TGE;46437;19
756;MARUTI;800;75286;5
757;MASERATI;COUPE;65528;2
758;MASERATI;GHIBLI;31200;20
759;MASERATI;GRANCABRIO;53698;18
760;MASERATI;GRANSPORT;49974;10
761;MASERATI;GRANTURISMO;27374;18
762;MASERATI;QUATTROPORTE;40408;19
763;MATRA;BAGHEERA;75732;17
764;MATRA;M530;14494;12
765;MATRA;MURENA;13010;18
766;MATRA;RANCHO;72910;20
767;MAZDA;1000;78787;14
768;MAZDA;1200;26958;10
769;MAZDA;121;71416;8
770;MAZDA;1800;23283;7
771;MAZDA;323;45801;17
772;MAZDA;616;17824;19
773;MAZDA;626;29585;8
774;MAZDA;818;37910;4
775;MAZDA;929;64695;18
776;MAZDA;BONGO;57529;3
777;MAZDA;BT50;47181;20
778;MAZDA;CX-3;29145;2
779;MAZDA;CX-30;51692;8
780;MAZDA;CX-5;35883;19
781;MAZDA;CX-7;60390;0
782;MAZDA;DEMIO;72218;17
783;MAZDA;E2200;16058;4
784;MAZDA;MAZDA2;65591;2
785;MAZDA;MAZDA3;48958;19
786;MAZDA;MAZDA3 IV;58737;19
787;MAZDA;MAZDA5;37046;19
788;MAZDA;MAZDA6;41253;2
789;MAZDA;MINIBUS;75462;18
790;MAZDA;MPV;23285;9
791;MAZDA;MX-30;37471;1
792;MAZDA;MX3;48780;18
793;MAZDA;MX5;60872;16
794;MAZDA;MX6;39185;7
795;MAZDA;PICK-UP;34022;14
796;MAZDA;PREMACY;63890;10
797;MAZDA;R100;48991;0
798;MAZDA;RX2;55927;16
799;MAZDA;RX3;19095;18
800;MAZDA;RX5;56068;5
801;MAZDA;RX7;19688;8
802;MAZDA;RX8;15085;17
803;MAZDA;T2500;74381;18
804;MAZDA;TRIBUTE;59410;6
805;MAZDA;XEDOS 6;23996;12
806;MAZDA;XEDOS 9;45030;4
807;MCC;SMART;26250;17
808;MEGA;CABRIOLET;69677;12
809;MEGA;CLUB;71965;3
810;MEGA;CONCEPT;69355;5
811;MEGA;FOURGON;76719;19
812;MEGA;RANCH;19533;1
813;MERCEDES;190;34645;6
814;MERCEDES;200;57668;6
815;MERCEDES;206;13304;2
816;MERCEDES;207;44284;1
817;MERCEDES;208;53441;8
818;MERCEDES;209;37114;18
819;MERCEDES;210;79733;3
820;MERCEDES;220;76758;9
821;MERCEDES;230;60468;0
822;MERCEDES;240;43628;14
823;MERCEDES;250;40653;2
824;MERCEDES;260;75393;15
825;MERCEDES;280;79725;9
826;MERCEDES;300;28513;5
827;MERCEDES;306;12875;14
828;MERCEDES;307;78138;19
829;MERCEDES;308;51423;15
830;MERCEDES;309;75751;2
831;MERCEDES;310;52373;9
832;MERCEDES;320;30703;8
833;MERCEDES;350;50513;1
834;MERCEDES;400;62890;5
835;MERCEDES;406;52409;16
836;MERCEDES;407;44077;6
837;MERCEDES;408;25731;2
838;MERCEDES;409;79240;18
839;MERCEDES;410;51065;4
840;MERCEDES;420;50076;13
841;MERCEDES;450;62233;16
842;MERCEDES;500;41795;12
843;MERCEDES;507;60238;19
844;MERCEDES;508;27539;9
845;MERCEDES;560;60974;18
846;MERCEDES;600;55370;3
847;MERCEDES;609;35150;15
848;MERCEDES;611;33068;5
849;MERCEDES;CITAN;61324;7
850;MERCEDES;CLASSE A;16192;17
851;MERCEDES;CLASSE A IV;32061;17
852;MERCEDES;CLASSE B;78722;9
853;MERCEDES;CLASSE B III;40500;0
854;MERCEDES;CLASSE C;27153;6
855;MERCEDES;CLASSE C III;52419;18
856;MERCEDES;CLASSE C IV;38555;3
857;MERCEDES;CLASSE C V;25567;5
858;MERCEDES;CLASSE CL;40193;18
859;MERCEDES;CLASSE CLA;51320;19
860;MERCEDES;CLASSE CLA II;76075;19
861;MERCEDES;CLASSE CLC;55164;2
862;MERCEDES;CLASSE CLK;75784;12
863;MERCEDES;CLASSE CLS;47226;1
864;MERCEDES;CLASSE E;28816;11
865;MERCEDES;CLASSE E IV;24799;19
866;MERCEDES;CLASSE E V;13223;15
867;MERCEDES;CLASSE EQA;63097;12
868;MERCEDES;CLASSE EQC;63425;0
869;MERCEDES;CLASSE EQV;66327;17
870;MERCEDES;CLASSE G;26264;19
871;MERCEDES;CLASSE G II;48060;5
872;MERCEDES;CLASSE GL;17238;7
873;MERCEDES;CLASSE GLA;46749;17
874;MERCEDES;CLASSE GLA II;24083;12
875;MERCEDES;CLASSE GLB;44296;13
876;MERCEDES;CLASSE GLC;45855;16
877;MERCEDES;CLASSE GLE;18038;19
878;MERCEDES;CLASSE GLE II;77003;9
879;MERCEDES;CLASSE GLK;25418;17
880;MERCEDES;CLASSE GLS;69153;5
881;MERCEDES;CLASSE GLS II;40002;20
882;MERCEDES;CLASSE M;30350;5
883;MERCEDES;CLASSE R;54725;13
884;MERCEDES;CLASSE S;33886;14
885;MERCEDES;CLASSE S V;22157;2
886;MERCEDES;CLASSE SL;42031;0
887;MERCEDES;CLASSE SLC;71805;12
888;MERCEDES;CLASSE SLK;64604;6
889;MERCEDES;CLASSE SLS;32841;15
890;MERCEDES;CLASSE V;45768;6
891;MERCEDES;CLASSE X;13595;14
892;MERCEDES;GT;39103;6
893;MERCEDES;MB100;31934;17
894;MERCEDES;SPRINTER;35490;19
895;MERCEDES;VANEO;21399;2
896;MERCEDES;VARIO PLUS;73403;5
897;MERCEDES;VIANO;42002;19
898;MERCEDES;VITO;69063;17
899;MG;F;74187;19
900;MG;TF;40613;17
901;MG;ZR;31026;17
902;MG;ZS;44314;19
903;MG;ZS EV;69440;11
904;MG;ZT;61144;13
905;MIA;ELECTRIC;72185;5
906;MINI;COUNTRYMAN;39747;7
907;MINI;MINI;36505;7
908;MINI;MINI CLUBMAN;73323;6
909;MINI;PACEMAN;37873;17
910;MITSUBISHI;3000;31437;5
911;MITSUBISHI;ASX;67862;5
912;MITSUBISHI;CANTER;60466;17
913;MITSUBISHI;CARISMA;50044;8
914;MITSUBISHI;COLT;31261;19
915;MITSUBISHI;ECLIPSE CROSS;21443;18
916;MITSUBISHI;ESTATE;23848;0
917;MITSUBISHI;GALANT;17241;4
918;MITSUBISHI;GRANDIS;40659;11
919;MITSUBISHI;I-MIEV;14817;14
920;MITSUBISHI;L200;74642;16
921;MITSUBISHI;LANCER;25515;14
922;MITSUBISHI;MONTERO;41546;7
923;MITSUBISHI;OUTLANDER;13762;7
924;MITSUBISHI;PAJERO;34356;5
925;MITSUBISHI;SAPPORO;32248;8
926;MITSUBISHI;SPACE RUNNER;32774;2
927;MITSUBISHI;SPACE STAR;46787;16
928;MITSUBISHI;SPACE STAR II;62299;11
929;MITSUBISHI;SPACE WAGON;54707;13
930;MPM MOTORS;PS160;75417;7
931;NISSAN;100 NX;52547;8
932;NISSAN;200 SX;77487;11
933;NISSAN;300 ZX;37464;16
934;NISSAN;350 Z;53534;15
935;NISSAN;370 Z;54506;10
936;NISSAN;ALMERA;45301;18
937;NISSAN;ALMERA TINO;62593;0
938;NISSAN;ATLEON;26218;19
939;NISSAN;BLUEBIRD;24078;15
940;NISSAN;CABSTAR;36054;7
941;NISSAN;CEDRIC;70511;19
942;NISSAN;CUBE;33918;6
943;NISSAN;ECO T100;70412;16
944;NISSAN;GT-R;68465;20
945;NISSAN;INTERSTAR;79968;4
946;NISSAN;JUKE;39222;9
947;NISSAN;JUKE II;49231;5
948;NISSAN;KING-CAB;22147;3
949;NISSAN;KUBISTAR;75813;11
950;NISSAN;L35;14818;17
951;NISSAN;LEAF;69669;15
952;NISSAN;MAXIMA;60920;2
953;NISSAN;MAXIMA QX;13237;8
954;NISSAN;MICRA;41888;7
955;NISSAN;MURANO;55687;6
956;NISSAN;NAVARA;37674;17
957;NISSAN;NOTE;28604;20
958;NISSAN;NP300;50818;20
959;NISSAN;NV200;69836;0
960;NISSAN;NV250;14197;9
961;NISSAN;NV300;38216;10
962;NISSAN;NV400;45556;11
963;NISSAN;PATHFINDER;57815;8
964;NISSAN;PATROL;21768;7
965;NISSAN;PICK-UP;55496;4
966;NISSAN;PIXO;39402;13
967;NISSAN;PRAIRIE;59933;8
968;NISSAN;PRIMASTAR;21313;18
969;NISSAN;PRIMERA;47375;13
970;NISSAN;PULSAR;23239;9
971;NISSAN;QASHQAI;71649;3
972;NISSAN;QASHQAI III;45644;17
973;NISSAN;SERENA;22436;15
974;NISSAN;SILVIA;72343;2
975;NISSAN;STANZA;73090;0
976;NISSAN;SUNNY;57716;19
977;NISSAN;TERRANO;66470;13
978;NISSAN;TERRANO II;45503;12
979;NISSAN;TINO;61708;13
980;NISSAN;TRADE;52420;5
981;NISSAN;URVAN;31982;20
982;NISSAN;VANETTE;71624;15
983;NISSAN;X-TRAIL;29610;8
984;OPEL;ADAM;75259;20
985;OPEL;ADMIRAL;20974;11
986;OPEL;AGILA;13185;7
987;OPEL;AMPERA;13448;9
988;OPEL;ANTARA;67172;3
989;OPEL;ASCONA;30566;4
990;OPEL;ASTRA;22406;0
991;OPEL;CABRIO;33585;0
992;OPEL;CALIBRA;20612;9
993;OPEL;CAMPO;25185;17
994;OPEL;CASCADA;57519;5
995;OPEL;CITY;20233;9
996;OPEL;COMBO;40615;17
997;OPEL;COMBO III;45707;4
998;OPEL;COMBO LIFE;51160;11
999;OPEL;COMMODORE;45876;14
1000;OPEL;CORSA;35103;8
1001;OPEL;CORSA VI;28967;18
1002;OPEL;CORSAVAN;78329;0
1003;OPEL;CROSSLAND X;53172;4
1004;OPEL;DIPLOMAT;52077;8
1005;OPEL;FRONTERA;28781;11
1006;OPEL;GRANDLAND X;42271;7
1007;OPEL;GT;14346;1
1008;OPEL;INSIGNIA;67725;9
1009;OPEL;KADETT;44141;2
1010;OPEL;KAPITAN;44661;0
1011;OPEL;KARL;73743;15
1012;OPEL;MANTA;60763;2
1013;OPEL;MERIVA;37913;9
1014;OPEL;MOKKA;62564;6
1015;OPEL;MOKKA II;66214;9
1016;OPEL;MONTEREY;51829;7
1017;OPEL;MONZA;66724;1
1018;OPEL;MOVANO;12757;8
1019;OPEL;OMEGA;15231;17
1020;OPEL;REKORD;69535;14
1021;OPEL;SENATOR;75089;0
1022;OPEL;SIGNUM;61051;4
1023;OPEL;SINTRA;52489;12
1024;OPEL;SPEEDSTER;67400;2
1025;OPEL;TIGRA;40597;20
1026;OPEL;VECTRA;17411;20
1027;OPEL;VIVARO;41910;11
1028;OPEL;VIVARO III;41710;12
1029;OPEL;ZAFIRA;59919;15
1030;OPEL;ZAFIRA LIFE;39819;15
1031;PANHARD;24;61983;18
1032;PANHARD;DYNA;39097;14
1033;PANHARD;PL;21871;19
1034;PEUGEOT;1007;55181;2
1035;PEUGEOT;104;13289;19
1036;PEUGEOT;106;46198;15
1037;PEUGEOT;107;36425;0
1038;PEUGEOT;108;75299;1
1039;PEUGEOT;2008;24073;6
1040;PEUGEOT;2008 II;47879;11
1041;PEUGEOT;203;36845;11
1042;PEUGEOT;204;31087;19
1043;PEUGEOT;205;61552;9
1044;PEUGEOT;206;67500;15
1045;PEUGEOT;207;24511;12
1046;PEUGEOT;208;41232;0
1047;PEUGEOT;208 II;49400;8
1048;PEUGEOT;3008;33015;1
1049;PEUGEOT;304;36228;6
1050;PEUGEOT;305;32136;10
1051;PEUGEOT;306;35970;19
1052;PEUGEOT;307;70634;7
1053;PEUGEOT;308;72778;13
1054;PEUGEOT;308 III;61254;17
1055;PEUGEOT;309;78234;7
1056;PEUGEOT;4007;79622;15
1057;PEUGEOT;4008;60088;2
1058;PEUGEOT;403;34708;20
1059;PEUGEOT;404;51201;19
1060;PEUGEOT;405;27106;1
1061;PEUGEOT;406;73323;6
1062;PEUGEOT;407;20347;6
1063;PEUGEOT;5008;75878;14
1064;PEUGEOT;504;53887;6
1065;PEUGEOT;505;22727;2
1066;PEUGEOT;508;15200;2
1067;PEUGEOT;508 II;71347;11
1068;PEUGEOT;604;17242;7
1069;PEUGEOT;605;18431;3
1070;PEUGEOT;607;59955;10
1071;PEUGEOT;806;14777;11
1072;PEUGEOT;807;28431;13
1073;PEUGEOT;BIPPER;52100;5
1074;PEUGEOT;BOXER;23509;3
1075;PEUGEOT;BOXER*;32624;12
1076;PEUGEOT;DANGEL 504;74671;17
1077;PEUGEOT;DANGEL 505;27981;3
1078;PEUGEOT;DANGEL J5;20569;15
1079;PEUGEOT;EXPERT;38854;20
1080;PEUGEOT;ION;35541;7
1081;PEUGEOT;J5;20237;17
1082;PEUGEOT;J5 COMBI;68160;7
1083;PEUGEOT;J7;53461;11
1084;PEUGEOT;J9;22504;3
1085;PEUGEOT;P4;69802;20
1086;PEUGEOT;PARTNER;65758;18
1087;PEUGEOT;PARTNER II;14331;19
1088;PEUGEOT;PARTNER III;23504;3
1089;PEUGEOT;RCZ;17332;19
1090;PEUGEOT;RIFTER;54234;7
1091;PEUGEOT;TRAVELLER;77068;0
1092;PIAGGIO;PORTER;57971;20
1093;PONTIAC;FIREBIRD;29043;9
1094;PONTIAC;TRANS SPORT;16514;19
1095;PORSCHE;718 BOXSTER;35587;6
1096;PORSCHE;718 CAYMAN;24843;1
1097;PORSCHE;911;32003;10
1098;PORSCHE;911 VIII;25286;2
1099;PORSCHE;912;28928;11
1100;PORSCHE;914;29219;10
1101;PORSCHE;918;26785;19
1102;PORSCHE;924;45057;15
1103;PORSCHE;928;71748;2
1104;PORSCHE;930;13058;15
1105;PORSCHE;944;12236;7
1106;PORSCHE;968;30034;1
1107;PORSCHE;BOXSTER;74390;1
1108;PORSCHE;CAYENNE;73934;3
1109;PORSCHE;CAYMAN;36155;14
1110;PORSCHE;MACAN;29490;17
1111;PORSCHE;MACAN II;68841;1
1112;PORSCHE;PANAMERA;25582;14
1113;PORSCHE;TAYCAN;53531;6
1114;PROTON;313;42898;19
1115;PROTON;315;44299;9
1116;PROTON;413;19901;18
1117;PROTON;415;22988;19
1118;PROTON;416;33125;16
1119;PROTON;418;32823;18
1120;PROTON;420;61785;10
1121;RENAULT;4CV;23748;10
1122;RENAULT;ALASKAN;69590;16
1123;RENAULT;ARKANA;47315;1
1124;RENAULT;AVANTIME;27730;17
1125;RENAULT;B110;18468;7
1126;RENAULT;B120;51022;15
1127;RENAULT;B70;21029;6
1128;RENAULT;B80;46302;20
1129;RENAULT;B90;37245;13
1130;RENAULT;CAPTUR;25995;17
1131;RENAULT;CAPTUR II;53751;0
1132;RENAULT;CARAVELLE;45471;11
1133;RENAULT;CHEROKEE;28049;2
1134;RENAULT;CLIO;56794;9
1135;RENAULT;CLIO III;67388;0
1136;RENAULT;CLIO III ESTATE;13149;5
1137;RENAULT;CLIO IV;31653;14
1138;RENAULT;CLIO IV ESTATE;54043;0
1139;RENAULT;CLIO V;18047;15
1140;RENAULT;DAUPHINE;25316;15
1141;RENAULT;DAUPHINOIS;22088;6
1142;RENAULT;ESPACE;33202;13
1143;RENAULT;ESPACE IV;79979;2
1144;RENAULT;ESPACE V;74690;8
1145;RENAULT;ESTAFETTE;70201;19
1146;RENAULT;EXPRESS;59400;8
1147;RENAULT;FLORIDE;28130;13
1148;RENAULT;FLUENCE;57440;19
1149;RENAULT;FREGATE;63410;20
1150;RENAULT;FUEGO;13623;10
1151;RENAULT;GRAND ESPACE;27739;9
1152;RENAULT;GRAND ESPACE IV;68749;18
1153;RENAULT;GRAND SCENIC;59173;13
1154;RENAULT;JEEP CJ7;62234;1
1155;RENAULT;JUVAQUATRE;30331;18
1156;RENAULT;KADJAR;71728;12
1157;RENAULT;KANGOO;50284;12
1158;RENAULT;KANGOO EXPRESS;35444;13
1159;RENAULT;KANGOO EXPRESS II;29089;18
1160;RENAULT;KANGOO II;66822;7
1161;RENAULT;KANGOO III;61213;12
1162;RENAULT;KOLEOS;50233;3
1163;RENAULT;LAGUNA;53295;15
1164;RENAULT;LAGUNA II;75494;14
1165;RENAULT;LAGUNA II ESTATE;65526;17
1166;RENAULT;LAGUNA III;29350;16
1167;RENAULT;LAGUNA III ESTATE;33666;0
1168;RENAULT;LAGUNA NEVADA;67688;10
1169;RENAULT;LATITUDE;25259;11
1170;RENAULT;MASCOTT;29523;2
1171;RENAULT;MASTER;58551;10
1172;RENAULT;MASTER III;61666;17
1173;RENAULT;MAXITY;38982;11
1174;RENAULT;MEGANE;18706;1
1175;RENAULT;MEGANE II;74116;9
1176;RENAULT;MEGANE II ESTATE;65632;6
1177;RENAULT;MEGANE III;68355;12
1178;RENAULT;MEGANE III ESTATE;26400;14
1179;RENAULT;MEGANE IV;77854;10
1180;RENAULT;MESSENGER;30462;7
1181;RENAULT;MODUS;52815;0
1182;RENAULT;ONDINE;46052;7
1183;RENAULT;PRAIRIE;35637;4
1184;RENAULT;R10;72647;16
1185;RENAULT;R11;54996;13
1186;RENAULT;R12;73805;14
1187;RENAULT;R14;22185;15
1188;RENAULT;R15;14938;16
1189;RENAULT;R16;57367;0
1190;RENAULT;R17;36270;18
1191;RENAULT;R18;40851;3
1192;RENAULT;R19;72200;17
1193;RENAULT;R20;34280;11
1194;RENAULT;R21;43275;16
1195;RENAULT;R21 NEVADA;79233;7
1196;RENAULT;R25;16228;3
1197;RENAULT;R30;73789;16
1198;RENAULT;R4;12536;5
1199;RENAULT;R5;64776;13
1200;RENAULT;R6;49851;8
1201;RENAULT;R8;32130;2
1202;RENAULT;R9;52377;18
1203;RENAULT;RODEO;76271;1
1204;RENAULT;SAFRANE;26339;4
1205;RENAULT;SAVANE;53973;3
1206;RENAULT;SAVIEM;31928;4
1207;RENAULT;SCENIC;15422;8
1208;RENAULT;SCENIC II;16891;17
1209;RENAULT;SCENIC III;48560;2
1210;RENAULT;SCENIC IV;39844;11
1211;RENAULT;SPIDER;28804;15
1212;RENAULT;SUPERCINQ;79315;19
1213;RENAULT;TALISMAN;48329;18
1214;RENAULT;TRAFIC;66202;6
1215;RENAULT;TRAFIC III;52409;7
1216;RENAULT;TWINGO;70844;1
1217;RENAULT;TWINGO II;28185;3
1218;RENAULT;TWINGO III;33369;7
1219;RENAULT;VEL SATIS;53443;11
1220;RENAULT;WIND;18333;12
1221;RENAULT;WRANGLER;63116;16
1222;RENAULT;ZOE;50306;19
1223;ROVER;111;21736;17
1224;ROVER;114;21454;13
1225;ROVER;115;57239;16
1226;ROVER;200;48765;13
1227;ROVER;2000;55690;16
1228;ROVER;213;32262;0
1229;ROVER;214;17628;14
1230;ROVER;216;27022;4
1231;ROVER;218;66263;20
1232;ROVER;220;15662;13
1233;ROVER;2200;18206;10
1234;ROVER;2300;29351;15
1235;ROVER;2400;63414;15
1236;ROVER;25;51726;6
1237;ROVER;2600;56627;13
1238;ROVER;3500;19328;17
1239;ROVER;414;56995;10
1240;ROVER;416;58478;8
1241;ROVER;418;75340;14
1242;ROVER;420;53653;20
1243;ROVER;45;18042;6
1244;ROVER;618;35813;3
1245;ROVER;620;67930;13
1246;ROVER;623;49369;5
1247;ROVER;75;70202;10
1248;ROVER;820;73887;4
1249;ROVER;825;34615;18
1250;ROVER;827;66000;17
1251;ROVER;ESTATE;52325;13
1252;ROVER;FREIGHT;50722;14
1253;ROVER;STREETWISE;17208;11
1254;SAAB;9-3;49877;15
1255;SAAB;9-3 BERLINE DE SPORT;78300;1
1256;SAAB;9-3 SPORT HATCH;79167;19
1257;SAAB;9-3 X;21551;15
1258;SAAB;9-5;60471;17
1259;SAAB;9-5 ESTATE;26954;17
1260;SAAB;900;55494;14
1261;SAAB;9000;17262;19
1262;SANTANA;S300;22683;11
1263;SANTANA;S350;78879;3
1264;SANTANA;S410;75288;17
1265;SANTANA;S413;19564;20
1266;SANTANA;SAMURAI;72256;5
1267;SANTANA;VITARA;14464;10
1268;SEAT;ALHAMBRA;27807;8
1269;SEAT;ALTEA;30818;13
1270;SEAT;ALTEA  XL;19250;2
1271;SEAT;ARONA;52072;17
1272;SEAT;AROSA;58662;5
1273;SEAT;ATECA;71190;10
1274;SEAT;CORDOBA;73737;17
1275;SEAT;EXEO;51592;9
1276;SEAT;FURA;70321;0
1277;SEAT;IBIZA;75440;20
1278;SEAT;IBIZA*;39833;4
1279;SEAT;INCA;31694;9
1280;SEAT;LEON;36458;3
1281;SEAT;LEON IV;59793;10
1282;SEAT;MALAGA;30004;3
1283;SEAT;MARBELLA;57133;1
1284;SEAT;MII;17833;20
1285;SEAT;RONDA;79974;2
1286;SEAT;TARRACO;74933;7
1287;SEAT;TERRA;53039;12
1288;SEAT;TOLEDO;52744;6
1289;SKODA;1050;60782;1
1290;SKODA;120;62767;1
1291;SKODA;130;21443;4
1292;SKODA;CITIGO;62924;11
1293;SKODA;ENYAQ;41577;12
1294;SKODA;FABIA;48083;20
1295;SKODA;FABIA IV;21552;17
1296;SKODA;FAVORIT;63701;20
1297;SKODA;FELICIA;64090;9
1298;SKODA;KAMIQ;74370;14
1299;SKODA;KAROQ;52467;6
1300;SKODA;KODIAQ;63711;3
1301;SKODA;OCTAVIA;44575;20
1302;SKODA;OCTAVIA IV;56954;12
1303;SKODA;RAPID;31514;7
1304;SKODA;ROOMSTER;44760;17
1305;SKODA;SCALA;13023;16
1306;SKODA;SUPERB;53566;9
1307;SKODA;YETI;31744;11
1308;SMART;CABRIO;14534;13
1309;SMART;CITY-COUPE;62924;11
1310;SMART;FORFOUR;43277;14
1311;SMART;FORTWO;75838;10
1312;SMART;FORTWO BUSINESS;31551;17
1313;SMART;FORTWO CABRIO;35610;12
1314;SMART;FORTWO COUPE;18864;9
1315;SMART;ROADSTER;39135;0
1316;SMART;ROADSTER-COUPE;76308;10
1317;SSANGYONG;ACTYON;43238;10
1318;SSANGYONG;FAMILY;42347;12
1319;SSANGYONG;KORANDO;38558;8
1320;SSANGYONG;KORANDO II;48293;5
1321;SSANGYONG;KYRON;52182;4
1322;SSANGYONG;MUSSO;55661;3
1323;SSANGYONG;REXTON;56952;6
1324;SSANGYONG;REXTON III;78347;20
1325;SSANGYONG;RODIUS;32248;17
1326;SSANGYONG;TIVOLI;62272;13
1327;SUBARU;B9 TRIBECA;78863;16
1328;SUBARU;BRZ;60898;1
1329;SUBARU;E12;41867;9
1330;SUBARU;FORESTER;14733;18
1331;SUBARU;FORESTER V;27351;5
1332;SUBARU;G3X JUSTY;77039;3
1333;SUBARU;IMPREZA;72698;11
1334;SUBARU;IMPREZA V;30152;15
1335;SUBARU;JUSTY;71511;4
1336;SUBARU;LEGACY;46323;15
1337;SUBARU;LEVORG;43213;20
1338;SUBARU;OUTBACK;73287;12
1339;SUBARU;OUTBACK VI;17121;15
1340;SUBARU;SVX;75049;16
1341;SUBARU;TREZIA;61995;16
1342;SUBARU;VIVIO;17621;17
1343;SUBARU;XV;20064;18
1344;SUBARU;XV II;55122;20
1345;SUNBEAM;1000;58317;15
1346;SUNBEAM;1250;74717;16
1347;SUNBEAM;1300;34506;8
1348;SUNBEAM;1500;22769;17
1349;SUNBEAM;1600;24820;4
1350;SUNBEAM;1725;27773;6
1351;SUNBEAM;AVENGER;69484;1
1352;SUNBEAM;LOTUS;28904;3
1353;SUNBEAM;TI;37047;18
1354;SUZUKI;ACROSS;63464;10
1355;SUZUKI;ALTO;65655;7
1356;SUZUKI;BALENO;64452;13
1357;SUZUKI;CELERIO;62493;11
1358;SUZUKI;GRAND VITARA;50973;7
1359;SUZUKI;IGNIS;62362;6
1360;SUZUKI;JIMNY;36313;3
1361;SUZUKI;JIMNY II;45889;13
1362;SUZUKI;KIZASHI;59085;2
1363;SUZUKI;LIANA;78597;4
1364;SUZUKI;S-CROSS;32199;9
1365;SUZUKI;SAMURAI;20904;3
1366;SUZUKI;SPLASH;32637;14
1367;SUZUKI;SUPERCARRY;62959;16
1368;SUZUKI;SWACE;55539;11
1369;SUZUKI;SWIFT;70699;5
1370;SUZUKI;SX4;32991;9
1371;SUZUKI;VITARA;17149;8
1372;SUZUKI;WAGON R+;24861;15
1373;SUZUKI;X90;28115;3
1374;TALBOT;1000;18368;7
1375;TALBOT;1005;25071;0
1376;TALBOT;1006;28791;10
1377;TALBOT;1100;22132;19
1378;TALBOT;1300;17806;11
1379;TALBOT;1301;38337;16
1380;TALBOT;1307;52479;11
1381;TALBOT;1308;62098;11
1382;TALBOT;1309;24328;9
1383;TALBOT;1500;63715;12
1384;TALBOT;1501;69985;19
1385;TALBOT;1510;36781;1
1386;TALBOT;160;17500;18
1387;TALBOT;1610;25801;8
1388;TALBOT;2L;40640;2
1389;TALBOT;ARONDE;47859;0
1390;TALBOT;HORIZON;52367;18
1391;TALBOT;SAMBA;34590;16
1392;TALBOT;SIM QUATRE;71453;19
1393;TALBOT;SOLARA;17116;11
1394;TALBOT;TAGORA;67372;9
1395;TATA;TELCOLINE;77372;16
1396;TATA;TELCOSPORT;61073;0
1397;TESLA;MODEL 3;32495;11
1398;TESLA;MODEL S;23615;17
1399;TESLA;MODEL X;67941;17
1400;TESLA;MODEL Y;42545;12
1401;THINK;CITY;17349;14
1402;TOYOTA;AURIS;26448;10
1403;TOYOTA;AVENSIS;79730;12
1404;TOYOTA;AYGO;54394;2
1405;TOYOTA;C-HR;39687;16
1406;TOYOTA;CAMRY;35176;16
1407;TOYOTA;CAMRY II;27396;8
1408;TOYOTA;CARINA;52150;14
1409;TOYOTA;CARINA E;31219;2
1410;TOYOTA;CARINA II;56490;18
1411;TOYOTA;CELICA;35900;9
1412;TOYOTA;COROLLA;73594;5
1413;TOYOTA;COROLLA VERSO;59080;17
1414;TOYOTA;COROLLA X;27830;2
1415;TOYOTA;CORONA;25744;9
1416;TOYOTA;CRESSIDA;39534;17
1417;TOYOTA;CROWN;62873;0
1418;TOYOTA;DYNA;61397;19
1419;TOYOTA;FUNCRUISER;38914;15
1420;TOYOTA;GT86;29862;1
1421;TOYOTA;HI-ACE;20101;13
1422;TOYOTA;HI-LUX;22490;14
1423;TOYOTA;HIGHLANDER;49768;6
1424;TOYOTA;IQ;49511;15
1425;TOYOTA;LANDCRUISER;12513;2
1426;TOYOTA;LEXUS;68543;17
1427;TOYOTA;LITE ACE;24180;1
1428;TOYOTA;MIRAI;23429;9
1429;TOYOTA;MIRAI II;79227;5
1430;TOYOTA;MODELE F;35364;16
1431;TOYOTA;MR;64145;19
1432;TOYOTA;PASEO;31386;3
1433;TOYOTA;PICNIC;71582;15
1434;TOYOTA;PREVIA;46792;11
1435;TOYOTA;PRIUS;69574;7
1436;TOYOTA;PROACE;29548;14
1437;TOYOTA;PROACE CITY;48213;7
1438;TOYOTA;RAV4;33107;3
1439;TOYOTA;RAV4 III;73960;10
1440;TOYOTA;RAV4 IV;62574;1
1441;TOYOTA;RAV4 V;72667;9
1442;TOYOTA;RUNNER;46173;2
1443;TOYOTA;STARLET;41568;14
1444;TOYOTA;SUPRA;43385;6
1445;TOYOTA;SUPRA V;55156;18
1446;TOYOTA;TERCEL;42884;18
1447;TOYOTA;URBAN CRUISER;58284;20
1448;TOYOTA;VERSO;49808;19
1449;TOYOTA;VERSO-S;30174;19
1450;TOYOTA;YARIS;62313;8
1451;TOYOTA;YARIS CROSS;43564;11
1452;TOYOTA;YARIS II;39340;4
1453;TOYOTA;YARIS III;21804;14
1454;TOYOTA;YARIS IV;16617;14
1455;TRIUMPH;1300;28921;8
1456;TRIUMPH;2000;41113;4
1457;TRIUMPH;2500;76601;17
1458;TRIUMPH;ACCLAIM;32119;6
1459;TRIUMPH;DOLOMITE;61028;19
1460;TRIUMPH;HERALD;77201;15
1461;TRIUMPH;SPITFIRE;50822;3
1462;TRIUMPH;STAG;25385;4
1463;TRIUMPH;TOLEDO;50959;9
1464;TRIUMPH;TR;67075;6
1465;TRIUMPH;TR4;47054;8
1466;TRIUMPH;TR6;18281;16
1467;UMM;ALTER;78555;15
1468;VOLKSWAGEN;1,6L;22435;8
1469;VOLKSWAGEN;1600;23657;6
1470;VOLKSWAGEN;181;74747;16
1471;VOLKSWAGEN;183;59755;7
1472;VOLKSWAGEN;411;46016;11
1473;VOLKSWAGEN;412;31823;5
1474;VOLKSWAGEN;AMAROK;49239;13
1475;VOLKSWAGEN;ARTEON;76701;2
1476;VOLKSWAGEN;BORA;44998;7
1477;VOLKSWAGEN;CADDY;36859;5
1478;VOLKSWAGEN;CADDY V;51854;18
1479;VOLKSWAGEN;COCCINELLE;59860;18
1480;VOLKSWAGEN;CORRADO;63044;2
1481;VOLKSWAGEN;CRAFTER;79784;5
1482;VOLKSWAGEN;EOS;69712;0
1483;VOLKSWAGEN;FOX;14305;7
1484;VOLKSWAGEN;GOLF;19669;13
1485;VOLKSWAGEN;GOLF III;16964;15
1486;VOLKSWAGEN;GOLF IV;57821;9
1487;VOLKSWAGEN;GOLF PLUS;56694;7
1488;VOLKSWAGEN;GOLF SPORTSVAN;44945;0
1489;VOLKSWAGEN;GOLF V;20262;9
1490;VOLKSWAGEN;GOLF VI;49362;7
1491;VOLKSWAGEN;GOLF VII;17119;5
1492;VOLKSWAGEN;GOLF VIII;78793;19
1493;VOLKSWAGEN;ID.3;73340;3
1494;VOLKSWAGEN;ID.4;23335;5
1495;VOLKSWAGEN;JETTA;54938;4
1496;VOLKSWAGEN;JETTA II;66990;1
1497;VOLKSWAGEN;JETTA III;32715;12
1498;VOLKSWAGEN;K70;16503;2
1499;VOLKSWAGEN;LT28;62379;1
1500;VOLKSWAGEN;LT31;72414;13
1501;VOLKSWAGEN;LT32;71818;9
1502;VOLKSWAGEN;LT35;75042;16
1503;VOLKSWAGEN;LT40A;43079;9
1504;VOLKSWAGEN;LT46A;22946;3
1505;VOLKSWAGEN;LUPO;37902;12
1506;VOLKSWAGEN;NEW BEETLE;18115;2
1507;VOLKSWAGEN;PASSAT;19447;4
1508;VOLKSWAGEN;PASSAT CC;57832;19
1509;VOLKSWAGEN;PASSAT SW;60009;15
1510;VOLKSWAGEN;PASSAT*;73885;2
1511;VOLKSWAGEN;PHAETON;35962;18
1512;VOLKSWAGEN;POLO;42735;6
1513;VOLKSWAGEN;POLO V;67912;13
1514;VOLKSWAGEN;POLO VI;13218;4
1515;VOLKSWAGEN;SANTANA;14992;8
1516;VOLKSWAGEN;SCIROCCO;61159;1
1517;VOLKSWAGEN;SHARAN;78725;12
1518;VOLKSWAGEN;T-CROSS;58358;6
1519;VOLKSWAGEN;T-ROC;12102;15
1520;VOLKSWAGEN;TARO;78901;12
1521;VOLKSWAGEN;TIGUAN;73320;16
1522;VOLKSWAGEN;TOUAREG;64422;6
1523;VOLKSWAGEN;TOUAREG III;19916;16
1524;VOLKSWAGEN;TOURAN;25179;12
1525;VOLKSWAGEN;TRANSPORTER;16320;9
1526;VOLKSWAGEN;UP;70094;8
1527;VOLKSWAGEN;VENTO;43980;20
1528;VOLVO;122;53607;5
1529;VOLVO;142;78350;6
1530;VOLVO;144;76075;14
1531;VOLVO;164;23350;1
1532;VOLVO;1800;55714;13
1533;VOLVO;240;39704;19
1534;VOLVO;242;69373;20
1535;VOLVO;244;54177;4
1536;VOLVO;245;61274;6
1537;VOLVO;262;22547;11
1538;VOLVO;264;49592;15
1539;VOLVO;265;73422;0
1540;VOLVO;340;44656;17
1541;VOLVO;360;77373;9
1542;VOLVO;440;29943;10
1543;VOLVO;460;31597;11
1544;VOLVO;480;35599;11
1545;VOLVO;66;42002;14
1546;VOLVO;740;77384;5
1547;VOLVO;760;17363;18
1548;VOLVO;780;51458;19
1549;VOLVO;850;36907;9
1550;VOLVO;940;38020;3
1551;VOLVO;960;32994;14
1552;VOLVO;C30;23618;3
1553;VOLVO;C70;48351;3
1554;VOLVO;CROSS COUNTRY;34039;14
1555;VOLVO;S40;49725;4
1556;VOLVO;S60;59164;19
1557;VOLVO;S60 III;53050;0
1558;VOLVO;S70;15071;18
1559;VOLVO;S80;30695;15
1560;VOLVO;S90;20676;12
1561;VOLVO;V40;49911;5
1562;VOLVO;V50;74393;18
1563;VOLVO;V60;60248;15
1564;VOLVO;V60 II;39014;18
1565;VOLVO;V70;58544;2
1566;VOLVO;V90;28316;1
1567;VOLVO;XC40;24376;19
1568;VOLVO;XC60;33321;0
1569;VOLVO;XC70;21663;18
1570;VOLVO;XC90;48392;19
1571;ZASTAVA;1100;47186;8
1572;ZASTAVA;1300;42871;5
1573;ZASTAVA;YUGO;30983;13
1574;ZAZ;TAVRIA;62337;8
